Segment,Base_Revenue,Investment,Projected_Gain,ROI,BreakEven_Revenue
Low Value,15285227.29591061,15000,458556.8188773183,29.57045459182122,507.26308428646183
High Value,795902.5466316777,50000,95508.30559580131,0.9101661119160264,54935.02707406128
Mid Value,136634010.75692305,30000,10930720.860553844,363.3573620184615,82.56334709540234
Churn Risk,57902616.27333332,20000,3474156.976399999,172.70784881999995,115.80249616127438
