Cluster,Avg_Recency,Avg_Frequency,Avg_Monetary,Customer_Count,Decision_Action
0,43.7026850032744,3.682711198428291,1359.0492838899804,3054,Exit / Deprioritize
1,248.0759137769447,1.5520149953139644,480.6174798500469,1067,Exit / Deprioritize
2,7.384615384615385,82.53846153846153,127338.31384615385,13,Defend (High Value Loyal)
3,15.5,22.333333333333332,12709.090490196078,204,Defend (High Value Loyal)
